id,population
1,7413100
2,509564
3,216746
5,111541
7,1275207
8,326286
9,131165
10,169760
11,244722
12,189879
13,527049
14,126628
15,131318
16,195692
18,2285273
19,334813
21,681067
22,265857
25,472094
26,533773
27,777520
28,1085810
31,510746
32,8135667
33,482005
34,106772
36,335145
38,280211
39,474632
40,194839
41,435296
43,943787
54,287497
55,1841179
59,3644826
60,1737026
61,133340
62,151798
63,201043
64,141040
65,159666
66,1087886
70,790017
71,108048
72,128624
73,178102
75,138236
81,257029
82,1853918
83,424425
86,63854
88,218506
91,205711
93,74481
95,27285
97,266100
98,592291
99,111037
102,225211
103,527014
104,246497
105,136987
106,473025
107,201329
108,9562280
109,1009132
110,428450
111,377609
113,339040
114,975453
115,2694378
116,551746
117,182776
118,321152
121,303346
122,150116
123,101984
124,397368
125,171056
128,966837
129,1810366
130,149129
131,226618
132,133501
133,120786
137,595061
138,433688
139,957441
142,200336
147,122397
149,437980
150,1747152
152,2001059
153,1212077
155,281110
156,685400
158,1822869
159,2372330
160,1120103
161,887946
162,2739551
168,656920
169,194391
170,241009
171,120210
173,80627
175,614618
178,315196
181,1973395
182,1096704
183,9733276
184,2752412
185,1612392
186,317625
187,789024
188,544107
189,129964
191,1561395
194,2206488
195,3320069
197,1335084
199,546824
203,4990602
204,565869
205,2020133
207,2893215
208,339079
209,1184818
210,1071261
211,770027
214,363033
215,4007526
216,5188286
218,8693706
221,1186023
223,1009003
225,4496694
226,11978450
227,647100
229,1618231
230,2581076
231,9601693
232,5211431
233,8305218
234,5453566
235,698318
237,19612368
238,3035406
239,4481508
240,23019196
241,8524826
242,2712944
243,1056247
244,1056009
245,1879695
246,1055964
248,9539673
250,475322
251,4395749
252,4364541
253,26450
254,859332
255,703939
257,1817524
258,5195247
259,679012
260,839566
263,1485231
264,2974293
265,1054800
266,693235
267,439890
268,496461
269,3849297
270,670050
271,711463
272,815201
273,654776
274,2696555
275,632464
276,425336
277,733919
278,8467513
281,965040
282,200319
283,996658
285,321872
288,2082130
289,24849
290,2481272
291,1619146
292,513399
293,1383964
294,15567820
296,94285
298,216200
299,168449
300,248736
301,183756
302,431380
303,1221785
304,208878
310,10562088
311,30365
312,1414771
313,150105
314,30971
315,26177
316,55250
318,219798
319,167363
320,1272999
321,196800
322,82030
324,107069
327,1026848
328,124391
333,228232
334,1500215
335,1487675
336,3343528
337,670207
342,109343
346,387909
349,9691901
350,3624234
351,8312700
352,5303053
353,7499181
355,2332176
362,111361
366,119980
402,264866
405,635191
435,67449
496,336482
502,170356
518,570614
520,1208112
523,4301326
524,1798218
526,970602
527,4646732
529,962334
530,3637483
531,3046163
532,2817105
533,2405665
534,1684297
535,3124458
536,1206419
537,788271
538,1717500
539,394700
541,3225557
542,2720972
543,1753298
544,807487
545,854466
546,2087759
547,4333541
548,2985105
549,2558382
550,1969975
551,2999934
552,2589387
553,1659075
554,2122873
555,1844253
556,2451319
557,2124435
558,1766701
559,830192
560,3245191
561,804571
563,2053070
564,1567499
565,30928
566,455732
567,967020
568,146769
569,172275
570,166782
571,703123
572,411954
573,653075
574,292521
578,800970
579,358159
584,399831
586,642473
588,1225546
590,1770158
591,188160
593,130426
595,118496
600,316244
601,150288
605,642653
607,291321
608,149086
617,101603
620,94890
621,1057181
622,1372178
624,105415
627,101799
628,282227
629,238591
630,767500
631,125247
633,230329
634,1778528
635,550294
637,459938
647,2435252
648,2874314
649,788589
651,410481
653,234021
655,331254
658,270366
659,1084420
660,1158627
662,601993
664,624281
667,2083588
669,2772509
671,187455
672,1303569
673,50944
693,382405
698,127743
700,1534731
701,919899
702,286240
703,125070
704,144190
706,152447
708,310250
709,301532
710,432350
711,189347
713,562599
714,125944
715,201234
716,288121
719,964177
720,576498
721,222185
722,117445
723,197575
726,148333
727,187831
728,276807
732,151612
733,151612
734,879709
735,182113
737,308935
738,367991
739,483956
740,104681
741,205617
742,205617
743,124074
744,317773
745,1288457
746,137571
748,212031
750,678415
752,101047
753,175096
754,116486
756,126748
758,101030
760,265974
761,544510
764,197416
766,107015
767,298263
770,2288250
771,216963
772,882039
773,149761
774,954614
776,154545
778,192648
780,112684
781,646790
783,292657
784,201998
785,616261
786,260993
788,269196
790,628127
791,569330
792,184952
793,198665
794,678851
795,376971
796,307220
797,235089
799,687725
800,487300
801,309154
804,194917
805,1576251
806,1624569
807,300431
809,641162
810,641162
811,189692
812,112368
815,268851
816,115639
817,100011
818,121465
819,147711
820,525041
821,293310
822,177723
823,200478
824,100702
825,1451853
826,1381611
828,147088
829,184021
831,196528
832,103353
833,229071
834,113394
835,113394
836,146103
837,197102
838,268508
839,125963
840,543242
841,411401
842,139594
843,117286
844,102988
850,342259
851,395699
852,983489
853,387050
854,475659
855,1573230
856,1033390
858,158989
861,236157
866,113469
868,275641
869,199564
870,528855
871,629414
872,156789
873,500686
875,400436
876,433723
877,314526
878,352326
879,409670
880,277270
883,120679
884,177573
886,479853
887,167991
889,459349
890,451212
891,11119985
892,14884402
893,1969823
894,999385
895,189244
896,1754758
898,3210158
899,1872641
902,342522
903,397853
904,100817
905,132110
907,178021
910,162825
915,838321
916,1420285
918,95263
919,332394
920,284982
921,1594419
922,1730249
924,138695
925,185548
927,249515
929,190722
931,127492
935,1961260
936,1565572
937,1558693
938,3001184
939,1184788
940,223504
941,537718
942,587730
950,653337
953,91806
954,262124
967,303754
968,267102
976,205062
977,437456
978,330451
980,313679
981,505346
983,408952
987,349525
989,473189
990,344766
991,496656
993,326473
994,637637
995,318642
997,281348
998,519948
1002,631182
1004,326729
1005,1170485
1006,565000
1007,1511369
1008,538188
1009,686306
1012,329868
1013,413850
1019,425950
1021,369815
1022,1018762
1024,1100091
1025,108753
1027,861181
1029,571041
1031,112659
1032,167281
1033,117949
1039,321062
1041,278522
1043,126071
1048,240924
1050,249712
1051,139163
1053,232741
1054,513275
1055,861635
1056,303382
1057,277270
1058,471941
1060,571149
1061,143474
1062,1433244
1063,277799
1064,774202
1065,220859
1066,1751907
1067,249477
1068,862750
1069,1296324
1070,720954
1071,369287
1072,932078
1073,1792881
1074,803739
1075,217056
1076,1409351
1077,369259
1078,1537704
1079,308545
1080,6320446
1081,2674923
1082,958545
1083,105269
1084,767559
1085,211529
1088,366358
1093,111651
1094,166334
1095,327325
1097,145786
1099,179292
1100,134103
1101,106440
1102,251881
1103,104976
1104,171107
1105,697315
1106,138141
1108,168655
1110,327448
1111,126884
1113,351958
1114,146020
1115,166204
1119,100236
1128,143875
1163,8906035
1164,2591681
1166,449756
1167,664728
1175,223350
1186,278743
1188,283264
1196,199603
1197,1653215
1198,419052
1201,248410
1205,502904
1206,5436332
1207,850423
1208,5603789
1209,997808
1219,145005
1222,3661
1228,238676
1230,37391
1231,246536
1232,1650457
1233,348294
1234,379949
1235,577932
1237,687814
1238,794979
1239,298520
1240,678589
1246,364125
1249,160791
1250,307079
1268,5163750
1277,1189107
1278,1552319
1279,1018398
1281,1051220
1283,970861
1287,1996647
1288,176221
1289,515432
1290,1377502
1291,1074576
1292,1024898
1294,1701124
1296,1080679
1298,941957
1299,2252147
1300,2430360
1301,608836
1302,962097
1303,850972
1304,202360
1305,455783
1306,231824
1307,139509
1310,451246
1323,156942
1324,274622
1328,1507114
1330,330760
1342,569352
1343,554649
1344,213699
1345,583109
1347,538068
1348,201585
1349,247548
1350,587857
1351,238697
1354,152610
1355,208886
1357,634830
1358,110636
1360,355701
1362,136822
1375,327568
1376,276110
1378,185937
1379,97352
1384,223252
1388,175716
1389,254723
1390,362675
1402,170083
1412,133064
1418,228326
1419,118690
1422,342048
1423,144507
1434,442230
1435,236213
1443,520944
1444,529374
1445,203636
1449,350676
1451,194030
1452,946651
1453,373416
1454,736224
1455,679995
1456,412767
1457,309820
1458,185129
1461,529673
1462,430871
1464,3841268
1466,418624
1467,664221
1498,32403
1503,101557
1513,1907479
1514,152698
1515,235996
1516,269530
1518,88462
1519,497169
1526,904920
1528,38862
1529,21078
1533,124587
1542,231592
1543,98961
1550,134100
1551,176500
1560,400004
1561,1585704
1563,542321
1564,425817
1565,1168385
1566,121071
1567,1159227
1568,102244
1570,904797
1573,400146
1574,148834
1575,644406
1576,1050721
1578,574840
1580,145488
1582,100286
1583,474093
1585,673446
1586,543147
1587,1054420
1589,277196
1590,1994397
1591,1081677
1592,125463
1594,576198
1595,677350
1598,302140
1599,633553
1602,1001694
1603,550440
1604,1618879
1605,1017865
1607,499487
1610,920550
1613,307170
1615,244377
1616,108058
1617,1027264
1618,1323363
1619,1073427
1620,178865
1621,143229
1622,169578
1623,951558
1625,4501610
1627,451100
1628,1198491
1629,1143232
1631,829267
1632,185803
1638,195153
1639,2768057
1640,1056191
1641,446246
1642,258445
1644,105517
1646,302642
1647,25266
1754,337393
1755,173529
1756,201037
1758,150797
1759,175234
1761,114841
1765,324055
1767,188171
1768,102650
1769,232711
1771,143187
1773,112344
1774,123039
1775,140241
1776,151646
1779,459876
1780,105119
1781,218731
1783,203512
1785,144047
1786,172798
1789,135966
1792,253544
1795,132997
1798,119825
1830,429974
1831,1556285
1832,600377
1833,1671181
1834,521169
1835,1380051
1836,1526744
1837,1434447
1840,741195
1841,1357228
1842,1953134
1843,551329
1844,1220392
1845,1491680
1847,107046
1848,1540089
1849,1192286
1850,482296
1851,1428983
1852,1270112
1853,535979
1854,7008831
1855,590115
1856,492841
1857,1601181
1859,1711311
1860,1146986
1861,1915548
1862,1425766
1863,953860
1864,1679626
1865,655317
1866,1724404
1867,712738
1868,1155670
1869,903348
1870,1350665
1871,879996
1872,2817479
1873,1051384
1874,691694
1876,879051
1877,1177150
1878,690739
1879,871388
1880,453723
1888,467410
1889,298288
1893,207932
1898,535907
1899,131465
1902,1209143
1904,552267
1906,234982
1907,218705
1909,253651
1910,270506
1923,111142
1927,95776
1931,284526
1937,149802
1940,195160
1942,100115
1944,393551
1945,107655
1948,566081
1949,164800
1950,119314
1952,858057
1954,1051
1955,121536
1957,127358
1958,201196
1959,201196
1960,389347
1966,100777
1968,136467
1969,279458
1970,170957
1971,367991
1973,104681
1974,101009
1976,208778
1977,168538
1989,150372
1992,154545
1998,121771
2000,112914
2002,113994
2003,115462
2010,106186
2014,135081
2015,307220
2016,184587
2017,128097
2018,143014
2024,114084
2027,105834
2028,121465
2029,121465
2038,258201
2039,136309
2040,219205
2042,100618
2045,250320
2046,205918
2047,331888
2048,2291158
2050,2166554
2051,329639
2053,326460
2054,881127
2056,160234
2060,571276
2071,298311
2074,103495
2077,258559
2089,162984
2090,113107
2091,303047
2092,297503
2093,293567
2094,318871
2096,425906
2104,255465
2127,151300
2139,125605
2142,421575
2149,372095
2150,306949
2152,287071
2158,381639
2161,175219
2162,104261
2163,295092
2165,105714
2166,677864
2167,341591
2168,173624
2169,194775
2170,198628
2171,141631
2172,298454
2174,196772
2178,216236
2182,234485
2184,270306
2186,212953
2187,147795
2193,106126
2200,295264
2202,234005
2203,233607
2204,317333
2207,643924
2214,255478
2216,264320
2221,136885
2224,105842
2230,118696
2234,557579
2235,223446
2236,881801
2237,2444160
2239,944285
2240,308544
2241,187652
2242,180127
2243,531857
2244,256705
2251,118227
2254,402843
2255,833562
2256,220962
2257,1455284
2259,174758
2261,727500
2262,1555984
2265,499337
2266,1798601
2272,388627
2284,144651
2302,110671
2308,690015
2376,117260
2386,292441
2480,280528
2609,493283
2670,110175
2751,127909
2876,4395243
2879,536719
2880,245360
2917,279667
2920,410577
2926,605346
2931,618436
2932,337295
2933,1056009
2935,750044
2936,1430515
2938,356771
2940,324888
2943,370017
2944,110426
2945,42029
2946,107205
2948,162154
2949,63626
2951,41917
2956,114551
2960,201125
2961,101970
2975,122300
2977,168641
2984,350504
2990,775255
2991,741651
2997,245592
3011,110012
3013,116684
3015,239287
3018,201371
3022,111503
3505,407756
3506,532089
3507,618278
